{
  "subject_level_friedman": {
    "statistic": 1.6666666666666572,
    "p_value": 0.6443698056370273
  },
  "pairwise_subject_level": {
    "left_hand_vs_right_hand": {
      "t_statistic": 1.183074164637362,
      "p_value": 0.2707430914315586,
      "cohen_d": 0.39435802134659764,
      "mean_diff": 0.046378336018986194
    },
    "left_hand_vs_feet": {
      "t_statistic": -1.2900452242809306,
      "p_value": 0.2330731960473109,
      "cohen_d": -0.43001503933955454,
      "mean_diff": -0.0522046879301837
    },
    "left_hand_vs_tongue": {
      "t_statistic": -1.1176648845926263,
      "p_value": 0.29614786643544216,
      "cohen_d": -0.3725549401927187,
      "mean_diff": -0.06504647663713975
    },
    "right_hand_vs_feet": {
      "t_statistic": -1.329777463491599,
      "p_value": 0.2202555338959114,
      "cohen_d": -0.4432591345669256,
      "mean_diff": -0.0985830239491699
    },
    "right_hand_vs_tongue": {
      "t_statistic": -1.259783277449814,
      "p_value": 0.2432551782188946,
      "cohen_d": -0.4199277433240809,
      "mean_diff": -0.11142481265612594
    },
    "feet_vs_tongue": {
      "t_statistic": -0.570312013583713,
      "p_value": 0.5841238176417866,
      "cohen_d": -0.19010397638577553,
      "mean_diff": -0.012841788706956046
    }
  },
  "class_trial_summary": {
    "left_hand": {
      "mean": 1.4500356295410497,
      "std": 0.2636263859176385,
      "median": 1.5422057509422302,
      "count": 648
    },
    "right_hand": {
      "mean": 1.4036572935220637,
      "std": 0.22867608538952605,
      "median": 1.455171287059784,
      "count": 648
    },
    "feet": {
      "mean": 1.5022403174712333,
      "std": 0.2755441980240752,
      "median": 1.5301356315612793,
      "count": 648
    },
    "tongue": {
      "mean": 1.5150821061781894,
      "std": 0.2915294463875825,
      "median": 1.4990251660346985,
      "count": 648
    }
  },
  "subject_class_correlation": {
    "mu_power": {
      "pearson_r": 0.07793402998018167,
      "p_value": 0.6514203782052801
    },
    "beta_power": {
      "pearson_r": 0.22782020509611797,
      "p_value": 0.18144095322148143
    }
  },
  "trial_histogram": {
    "left_hand": {
      "median": 1.5422057509422302,
      "q1": 1.264030545949936,
      "q3": 1.6125830113887787,
      "count": 648
    },
    "right_hand": {
      "median": 1.455171287059784,
      "q1": 1.29171621799469,
      "q3": 1.5843854546546936,
      "count": 648
    },
    "feet": {
      "median": 1.5301356315612793,
      "q1": 1.3636853098869324,
      "q3": 1.6251696348190308,
      "count": 648
    },
    "tongue": {
      "median": 1.4990251660346985,
      "q1": 1.3685593008995056,
      "q3": 1.637167513370514,
      "count": 648
    }
  },
  "timecourse_summary": {
    "feet": {
      "mean_tau": 1.5022403162905162,
      "peak_tau": 1.534603962559759,
      "peak_time_seconds": 5.3759999999999994
    },
    "left_hand": {
      "mean_tau": 1.4500356279130884,
      "peak_tau": 1.5297543540780927,
      "peak_time_seconds": 2.528
    },
    "right_hand": {
      "mean_tau": 1.4036572954059603,
      "peak_tau": 1.5290997539773399,
      "peak_time_seconds": 2.144
    },
    "tongue": {
      "mean_tau": 1.5150821065176618,
      "peak_tau": 1.565993394104787,
      "peak_time_seconds": 3.7279999999999998
    }
  }
}