{
  "generated_at": "2026-03-23 15:32:52",
  "dataset": "BNCI2014-004",
  "protocol": "train sessions 0/1/2, test sessions 3/4",
  "device": "cuda",
  "label_order": [
    "left_hand",
    "right_hand"
  ],
  "config": {
    "subjects": [
      1,
      2,
      3,
      4,
      5,
      6,
      7,
      8,
      9
    ],
    "models": [
      "shallow_convnet",
      "riemann_tslr",
      "eegnet",
      "tiny_transformer",
      "cfc",
      "lstm"
    ],
    "epochs": 80,
    "patience": 20,
    "min_epochs": 25,
    "batch_size": 64,
    "learning_rate": 0.001,
    "weight_decay": 0.0001,
    "val_fraction": 0.15,
    "seed": 42,
    "cfc_hidden_size": 128,
    "lstm_hidden_size": 128,
    "downsample_factor": 2,
    "device": "cuda",
    "data_dir": "data",
    "output_dir": "outputs\\bnci2014_004_aux"
  },
  "parameter_counts": {
    "shallow_convnet": 8362,
    "riemann_tslr": 14,
    "eegnet": 1698,
    "tiny_transformer": 103618,
    "cfc": 83842,
    "lstm": 200706
  },
  "summary": {
    "cfc": {
      "accuracy_mean": 72.57440476190476,
      "accuracy_std": 15.152830720971522,
      "f1_mean": 0.7116933226845147,
      "f1_std": 0.16928041877923647
    },
    "eegnet": {
      "accuracy_mean": 78.32837301587301,
      "accuracy_std": 16.72821099948644,
      "f1_mean": 0.7812021642736403,
      "f1_std": 0.16744658679726945
    },
    "lstm": {
      "accuracy_mean": 72.91170634920634,
      "accuracy_std": 14.352344922558025,
      "f1_mean": 0.7125855527940799,
      "f1_std": 0.16127859259728877
    },
    "riemann_tslr": {
      "accuracy_mean": 73.2390873015873,
      "accuracy_std": 14.421579631221594,
      "f1_mean": 0.7216615442237362,
      "f1_std": 0.15273003554680906
    },
    "shallow_convnet": {
      "accuracy_mean": 80.0595238095238,
      "accuracy_std": 14.643401557823697,
      "f1_mean": 0.7985502721786472,
      "f1_std": 0.14769861320198158
    },
    "tiny_transformer": {
      "accuracy_mean": 72.88194444444444,
      "accuracy_std": 14.345058642796754,
      "f1_mean": 0.7104921119995005,
      "f1_std": 0.16283341467486195
    }
  },
  "stat_tests": {
    "shallow_convnet_vs_riemann_tslr": {
      "t_statistic": 3.637830294922286,
      "p_value": 0.006609682712734142,
      "cohen_d": 1.2126100961515207,
      "wilcoxon_statistic": 0.0,
      "wilcoxon_p_value": 0.00390625,
      "mean_diff": 6.820436507936508,
      "n_subjects": 9,
      "holm_p_value": 0.09253555797827799,
      "wilcoxon_holm_p_value": 0.05859375
    },
    "shallow_convnet_vs_eegnet": {
      "t_statistic": 1.7874827550129817,
      "p_value": 0.11166789919142439,
      "cohen_d": 0.5958275829536075,
      "wilcoxon_statistic": 6.5,
      "wilcoxon_p_value": 0.1171875,
      "mean_diff": 1.7311507936507933,
      "n_subjects": 9,
      "holm_p_value": 0.7816752943399707,
      "wilcoxon_holm_p_value": 0.8203125
    },
    "shallow_convnet_vs_tiny_transformer": {
      "t_statistic": 3.453689318628175,
      "p_value": 0.00864771003929643,
      "cohen_d": 1.1512297710295725,
      "wilcoxon_statistic": 2.0,
      "wilcoxon_p_value": 0.01171875,
      "mean_diff": 7.177579365079367,
      "n_subjects": 9,
      "holm_p_value": 0.11242023051085359,
      "wilcoxon_holm_p_value": 0.12890625
    },
    "shallow_convnet_vs_cfc": {
      "t_statistic": 3.859167807426797,
      "p_value": 0.004814591838125584,
      "cohen_d": 1.2863892669314827,
      "wilcoxon_statistic": 0.0,
      "wilcoxon_p_value": 0.00390625,
      "mean_diff": 7.485119047619047,
      "n_subjects": 9,
      "holm_p_value": 0.07221887757188375,
      "wilcoxon_holm_p_value": 0.05859375
    },
    "shallow_convnet_vs_lstm": {
      "t_statistic": 3.4248323693734073,
      "p_value": 0.009023366268657216,
      "cohen_d": 1.1416107879678166,
      "wilcoxon_statistic": 0.0,
      "wilcoxon_p_value": 0.00390625,
      "mean_diff": 7.14781746031746,
      "n_subjects": 9,
      "holm_p_value": 0.11242023051085359,
      "wilcoxon_holm_p_value": 0.05859375
    },
    "riemann_tslr_vs_eegnet": {
      "t_statistic": -2.4499139335808486,
      "p_value": 0.039942090616767977,
      "cohen_d": -0.8166379765498876,
      "wilcoxon_statistic": 5.0,
      "wilcoxon_p_value": 0.0390625,
      "mean_diff": -5.089285714285714,
      "n_subjects": 9,
      "holm_p_value": 0.3994209061676798,
      "wilcoxon_holm_p_value": 0.390625
    },
    "riemann_tslr_vs_tiny_transformer": {
      "t_statistic": 0.2860997420210995,
      "p_value": 0.7820704981271868,
      "cohen_d": 0.09536658041904586,
      "wilcoxon_statistic": 17.0,
      "wilcoxon_p_value": 0.546875,
      "mean_diff": 0.3571428571428588,
      "n_subjects": 9,
      "holm_p_value": 1.0,
      "wilcoxon_holm_p_value": 1.0
    },
    "riemann_tslr_vs_cfc": {
      "t_statistic": 1.0807505986589405,
      "p_value": 0.3113084033274589,
      "cohen_d": 0.36025019760046606,
      "wilcoxon_statistic": 11.0,
      "wilcoxon_p_value": 0.3671875,
      "mean_diff": 0.6646825396825393,
      "n_subjects": 9,
      "holm_p_value": 1.0,
      "wilcoxon_holm_p_value": 1.0
    },
    "riemann_tslr_vs_lstm": {
      "t_statistic": 0.2605649455114564,
      "p_value": 0.8010095074897375,
      "cohen_d": 0.08685498160672372,
      "wilcoxon_statistic": 21.0,
      "wilcoxon_p_value": 0.90625,
      "mean_diff": 0.32738095238095294,
      "n_subjects": 9,
      "holm_p_value": 1.0,
      "wilcoxon_holm_p_value": 1.0
    },
    "eegnet_vs_tiny_transformer": {
      "t_statistic": 2.229956523421475,
      "p_value": 0.05630080168667057,
      "cohen_d": 0.7433188401260235,
      "wilcoxon_statistic": 7.0,
      "wilcoxon_p_value": 0.07421875,
      "mean_diff": 5.446428571428573,
      "n_subjects": 9,
      "holm_p_value": 0.5067072151800351,
      "wilcoxon_holm_p_value": 0.59375
    },
    "eegnet_vs_cfc": {
      "t_statistic": 2.9924201366731666,
      "p_value": 0.017270092413653095,
      "cohen_d": 0.9974733771618955,
      "wilcoxon_statistic": 1.0,
      "wilcoxon_p_value": 0.0078125,
      "mean_diff": 5.753968253968254,
      "n_subjects": 9,
      "holm_p_value": 0.18997101655018406,
      "wilcoxon_holm_p_value": 0.09375
    },
    "eegnet_vs_lstm": {
      "t_statistic": 2.193487611169909,
      "p_value": 0.05959603437566104,
      "cohen_d": 0.7311625360696851,
      "wilcoxon_statistic": 5.5,
      "wilcoxon_p_value": 0.04296875,
      "mean_diff": 5.416666666666668,
      "n_subjects": 9,
      "holm_p_value": 0.5067072151800351,
      "wilcoxon_holm_p_value": 0.390625
    },
    "tiny_transformer_vs_cfc": {
      "t_statistic": 0.18026055084525927,
      "p_value": 0.8614305746175765,
      "cohen_d": 0.0600868501643559,
      "wilcoxon_statistic": 20.0,
      "wilcoxon_p_value": 0.8203125,
      "mean_diff": 0.3075396825396805,
      "n_subjects": 9,
      "holm_p_value": 1.0,
      "wilcoxon_holm_p_value": 1.0
    },
    "tiny_transformer_vs_lstm": {
      "t_statistic": -0.021153068769385643,
      "p_value": 0.9836416304447808,
      "cohen_d": -0.007051022906423662,
      "wilcoxon_statistic": 22.0,
      "wilcoxon_p_value": 1.0,
      "mean_diff": -0.02976190476190589,
      "n_subjects": 9,
      "holm_p_value": 1.0,
      "wilcoxon_holm_p_value": 1.0
    },
    "cfc_vs_lstm": {
      "t_statistic": -0.22225130031765372,
      "p_value": 0.8296871930463899,
      "cohen_d": -0.07408376660983619,
      "wilcoxon_statistic": 20.5,
      "wilcoxon_p_value": 0.84765625,
      "mean_diff": -0.3373015873015864,
      "n_subjects": 9,
      "holm_p_value": 1.0,
      "wilcoxon_holm_p_value": 1.0
    }
  }
}