comparison,t_statistic,p_value,cohen_d,wilcoxon_statistic,wilcoxon_p_value,mean_diff,n_subjects,holm_p_value,wilcoxon_holm_p_value
shallow_convnet_vs_riemann_tslr,3.637830294922286,0.006609682712734142,1.2126100961515207,0.0,0.00390625,6.820436507936508,9,0.03304841356367071,0.0234375
shallow_convnet_vs_cfc,3.859167807426797,0.004814591838125584,1.2863892669314827,0.0,0.00390625,7.485119047619047,9,0.028887551028753504,0.0234375
shallow_convnet_vs_lstm,3.4248323693734073,0.009023366268657216,1.1416107879678166,0.0,0.00390625,7.14781746031746,9,0.036093465074628864,0.0234375
riemann_tslr_vs_cfc,1.0807505986589405,0.3113084033274589,0.36025019760046606,11.0,0.3671875,0.6646825396825393,9,0.9339252099823767,1.0
riemann_tslr_vs_lstm,0.2605649455114564,0.8010095074897375,0.08685498160672372,21.0,0.90625,0.32738095238095294,9,1.0,1.0
cfc_vs_lstm,-0.22225130031765372,0.8296871930463899,-0.07408376660983619,20.5,0.84765625,-0.3373015873015864,9,1.0,1.0
