subject,cfc,eegnet,hybrid_cfc,lstm,riemann_tslr,shallow_convnet,tiny_transformer
1,52.43055555555556,65.625,57.986111111111114,47.22222222222222,76.38888888888889,70.13888888888889,55.208333333333336
2,34.72222222222222,28.819444444444443,39.58333333333333,23.61111111111111,48.26388888888889,46.875,36.45833333333333
3,59.02777777777778,53.125,71.875,48.95833333333333,81.94444444444444,79.51388888888889,60.763888888888886
4,39.93055555555556,46.18055555555556,34.375,38.54166666666667,59.72222222222222,58.333333333333336,42.36111111111111
5,28.47222222222222,25.34722222222222,27.083333333333332,25.694444444444443,46.18055555555556,36.45833333333333,30.90277777777778
6,34.375,39.58333333333333,33.33333333333333,29.166666666666668,49.65277777777778,49.30555555555556,34.72222222222222
7,35.41666666666667,35.41666666666667,46.52777777777778,38.19444444444444,66.31944444444444,66.66666666666666,39.23611111111111
8,57.638888888888886,60.416666666666664,68.75,45.83333333333333,67.70833333333334,72.56944444444444,60.416666666666664
9,55.90277777777778,61.80555555555556,53.81944444444444,50.0,69.09722222222221,75.69444444444444,57.291666666666664
