model,model_display,params,accuracy_mean,accuracy_std,f1_mean,f1_std
riemann_tslr,Riemann-TSLR,1016,67.82407407407408,13.493727466543778,0.6765297224047634,0.13595404656251608
shallow_convnet,Shallow ConvNet,40604,66.16512345679013,17.484036265521983,0.6601949296932877,0.17567063074988293
eegnet,EEGNet,2420,52.79706790123456,18.17150363322383,0.5089233540487688,0.17984413461307153
hybrid_cfc,Hybrid-CfC-style,86964,52.083333333333336,18.768477264065094,0.5070588402022024,0.19726746288648195
tiny_transformer,Tiny-Transformer,101124,51.755401234567906,13.410670161925472,0.5076499744087717,0.13696218637557805
cfc,CfC-style,86788,48.12885802469136,15.863053897754012,0.4657576348934574,0.16864668613154016
lstm,LSTM,210948,41.145833333333336,12.81198244964937,0.3897511430206484,0.13659018589048308
