protocol,model,model_display,params,accuracy_mean,accuracy_std,f1_mean,f1_std
pooled,cfc,CfC-style,86788,50.9263701482592,15.322758865133466,0.49413361548256607,0.1652022194153458
pooled,gru,GRU,158468,47.20573046809929,14.035856312450646,0.45609438348045117,0.15134089548230267
pooled,lstm,LSTM,210948,43.34332833583208,13.576453490992577,0.40774652101219566,0.15277389567503752
sessionwise,cfc,CfC-style,86788,45.10030864197532,12.903924752008088,0.4297492424080593,0.13599800954506358
sessionwise,gru,GRU,158468,40.35493827160494,12.079114268038984,0.37693698966908573,0.1402112664198476
sessionwise,lstm,LSTM,210948,38.81172839506173,10.355401109230824,0.35867058817026504,0.10733879459366104
