model,model_display,params,accuracy_mean,accuracy_std,f1_mean,f1_std
mi_mamba,MI-Mamba-style,298740,48.37962962962963,17.96266838843038,0.4473002494118378,0.19246280368894408
ss_head,SpatialSpectral-Head,36604,44.56018518518518,14.81504086922443,0.40859239677775605,0.17462814067345148
ss_cfc,SpatialSpectral-CfC,125372,38.31018518518519,12.129193385214283,0.3477287543192541,0.14044854125763606
