dt,tau_init,model,accuracy_mean,accuracy_std,f1_mean,f1_std
0.5,0.5,cfc,44.67592592592593,12.309260399776512,0.41797058738686976,0.1287879885001934
0.5,0.5,hybrid_cfc,47.53086419753086,15.342198112063603,0.45771138591857125,0.15798688909319253
0.5,0.5,ss_cfc,37.808641975308646,11.331958355832697,0.3278013869652852,0.13975121922957132
