model,model_display,params,accuracy_mean,accuracy_std,f1_mean,f1_std
mi_mamba,MI-Mamba-style,298740,56.963734567901234,19.261337994064373,0.553863881984515,0.20205005023587994
ss_head,SpatialSpectral-Head,36604,47.08719135802469,17.909266852836392,0.452954170283888,0.1880085255498567
ss_cfc,SpatialSpectral-CfC,125372,40.39351851851852,13.20814347334044,0.385514300760055,0.14054279129330316
