model,model_display,params,accuracy_mean,accuracy_std,f1_mean,f1_std
riemann_tslr,Riemann-TSLR,1016,62.80864197530863,12.733454182185127,0.6168293487205774,0.1351276213967552
shallow_convnet,Shallow ConvNet,40604,59.452160493827165,15.426768948442009,0.5851911866974319,0.15720629218320079
tiny_transformer,Tiny-Transformer,101124,46.83641975308642,15.853313078961163,0.4280799308511396,0.18563901498886848
eegnet,EEGNet,2420,45.52469135802469,15.536443147392315,0.42595073984603204,0.15565142820456965
cfc,CfC-style,86788,45.10030864197532,12.903924752008088,0.4297492424080593,0.13599800954506358
hybrid_cfc,Hybrid-CfC-style,86964,45.02314814814815,12.279841691156957,0.41824969485698205,0.1377777029321439
lstm,LSTM,210948,38.81172839506173,10.355401109230824,0.35867058817026504,0.10733879459366104
