model,model_display,params,accuracy_mean,accuracy_std,f1_mean,f1_std
riemann_tslr,Riemann-TSLR,1016,62.80864197530863,12.733454182185127,0.6168293487205774,0.1351276213967552
shallow_convnet,Shallow ConvNet,40604,61.72839506172839,14.786304308244908,0.6088153287603617,0.14851158819434943
hybrid_cfc,Hybrid-CfC-style,86964,48.14814814814815,15.989196897851738,0.4634026809054175,0.15590200298455217
tiny_transformer,Tiny-Transformer,101124,46.37345679012346,11.947814133138065,0.4326012568634001,0.12496038392075755
eegnet,EEGNet,2420,46.257716049382715,14.865590432011714,0.43109255438824445,0.14821565581116372
cfc,CfC-style,86788,44.21296296296296,11.907241805196003,0.41382645128210466,0.1256160386102979
lstm,LSTM,210948,38.58024691358024,10.273091033923988,0.3564087004548994,0.11806720697989483
